Day,Category,Format,Title,Hook,PexelsQuery,Description,Hashtags
1,Wealth,top10,Top 10 Most Expensive Yachts,Top 10 most expensive yachts on Earth.,luxury superyacht drone,Which one are you buying? 🛥️ Drop your favorite in the comments! 👇 Consider yourself... Skillificationed.,#luxury #yachts #billionaire #wealth #skillificationed
2,Skill,howto,How to Change a Flat Tire,How to change a flat tire in under 10 minutes.,car tire repair wheel,Never get stranded again! 🚗 Tag a friend who needs to learn this. 👇 Consider yourself... Skillificationed.,#lifeskills #carmaintenance #howto #driving #skillificationed
3,Nature,top10,Top 10 Deepest Places on Earth,"The top 10 deepest, darkest places on Earth.",deep dark ocean underwater,Does the deep ocean terrify you? 🌊 Let us know below! 👇 Consider yourself... Skillificationed.,#ocean #nature #deepsea #facts #skillificationed
4,Survival,howto,How to Survive a Rip Current,How to survive a rip current if you get pulled out.,ocean waves crashing beach,This trick could literally save your life. 🌊 Share this with someone who loves the beach! 👇 Consider yourself... Skillificationed.,#survival #ocean #safetytips #beach #skillificationed
5,Travel,top10,Top 10 Futuristic Cities,Top 10 cities that look like they are in 2050.,tokyo neon night cyberpunk,Which city looks the most like the future? 🏙️ Let us know in the comments! 👇 Consider yourself... Skillificationed.,#future #cyberpunk #cities #travel #skillificationed
6,Skill,howto,How to Jumpstart a Dead Car,The foolproof way to jumpstart a dead car battery.,car engine jumper cables,The easiest way to jumpstart a car. ⚡ Save this for an emergency! 👇 Consider yourself... Skillificationed.,#cartips #mechanic #lifeskills #howto #skillificationed
7,Mystery,top10,Top 10 Most Guarded Vaults,Top 10 most heavily guarded vaults in the world.,bank vault steel door,What do you think they are actually hiding inside? 🔐 Drop your theories below! 👇 Consider yourself... Skillificationed.,#mystery #vault #history #interestingfacts #skillificationed
8,Survival,howto,How to Put Out a Grease Fire,Never use water! How to put out a kitchen grease fire.,kitchen fire flames pan,Never throw water on a kitchen fire! 🔥 Share this to keep your friends safe. 👇 Consider yourself... Skillificationed.,#kitchenhacks #firesafety #survivalhacks #tips #skillificationed
9,Wildlife,top10,Top 10 Deadliest Animals,The top 10 deadliest animals—and the winner is tiny.,venomous snake macro,Which of these animals shocked you the most? 🐍 Let us know below! 👇 Consider yourself... Skillificationed.,#wildlife #animals #naturefacts #scary #skillificationed
10,Skill,howto,How to Tie the Perfect Tie,How to tie a perfect Windsor knot in 30 seconds.,man tying necktie suit,Look sharp in under 30 seconds. 👔 Who is trying this tomorrow? 👇 Consider yourself... Skillificationed.,#mensfashion #stylehacks #howto #suitup #skillificationed
11,Auto,top10,Top 10 Most Expensive Cars,Top 10 most expensive hypercars ever built.,sports car driving fast,Which of these belongs in your dream garage? 🏎️ Drop your pick in the comments! 👇 Consider yourself... Skillificationed.,#supercars #bugatti #luxurycars #auto #skillificationed
12,Survival,howto,How to Escape a Sinking Car,The exact steps to escape a sinking car.,car underwater sinking,"A terrifying scenario, but you need to know this. 🚗💧 Save this video! 👇 Consider yourself... Skillificationed.",#survivaltips #safety #lifesaver #skills #skillificationed
13,Engineering,top10,Top 10 Heaviest Objects Moved,The top 10 heaviest objects moved by humans.,massive crane lifting heavy,Human engineering is absolutely insane. 🏗️ Which one blew your mind? 👇 Consider yourself... Skillificationed.,#engineering #heavyequipment #megaprojects #skillificationed
14,Skill,howto,How to Unclog a Sink Fast,How to unclog a stubborn sink without harsh chemicals.,kitchen sink water drain,Skip the plumber and do this instead! 🚰 Have you tried this trick? 👇 Consider yourself... Skillificationed.,#homehacks #diy #plumbing #cleaningtips #skillificationed
15,Geography,top10,Top 10 Most Isolated Places,Top 10 most isolated places where people actually live.,remote snowy cabin mountain,"Could you survive living 1,000 miles from civilization? 🏔️ Let us know! 👇 Consider yourself... Skillificationed.",#geography #remote #travel #worldfacts #skillificationed
16,Psych,howto,How to Win at Rock Paper Scissors,The psychological trick to always win Rock Paper Scissors.,playing rock paper scissors,Use this psychology trick on your friends! 🧠 Who are you testing this on? 👇 Consider yourself... Skillificationed.,#psychology #mindtricks #lifehacks #games #skillificationed
17,Thrill,top10,Top 10 Tallest Rollercoasters,"Top 10 tallest, most terrifying rollercoasters.",rollercoaster drop POV,Would you dare to ride number 1? 🎢 Tag a thrill-seeker below! 👇 Consider yourself... Skillificationed.,#rollercoaster #themepark #thrillseeker #scary #skillificationed
18,Skill,howto,How to Pick a Padlock,Lost your key? How to open a padlock with a paperclip.,padlock macro lockpicking,A great emergency skill to have! 🔓 Have you ever successfully picked a lock? 👇 Consider yourself... Skillificationed.,#lockpicking #survivalhacks #skills #diy #skillificationed
19,Culture,top10,Top 10 Happiest Countries,The top 10 happiest countries in the world.,beautiful scandinavian landscape,Did your country make the happiness list? 🌍 Let us know where you are from! 👇 Consider yourself... Skillificationed.,#happiness #travelgram #culture #world #skillificationed
20,Psych,howto,How to Read Body Language,3 signs someone is lying to you based on body language.,people talking body language,Watch out for these 3 subtle signs! 👀 Have you caught someone doing this? 👇 Consider yourself... Skillificationed.,#bodylanguage #psychologyfacts #socialskills #skillificationed
21,Nature,top10,Top 10 Coldest Places on Earth,The top 10 coldest inhabited places on the planet.,antarctica ice blizzard drone,Could you survive minus 90 degrees? 🥶 Let us know your limit! 👇 Consider yourself... Skillificationed.,#winter #extreme #naturefacts #earth #skillificationed
22,Skill,howto,How to Sharpen a Knife,How to get a razor-sharp edge on any kitchen knife.,chef sharpening knife stone,Stop using dull knives! 🔪 Tag a home cook who needs to see this. 👇 Consider yourself... Skillificationed.,#cookinghacks #kitchenskills #chef #howto #skillificationed
23,Arch,top10,Top 10 Most Beautiful Bridges,Top 10 most beautiful and terrifying bridges.,golden gate bridge aerial,Would you look straight down on number 1? 🌉 Drop a comment below! 👇 Consider yourself... Skillificationed.,#architecture #bridges #engineering #travel #skillificationed
24,Survival,howto,How to Start a Fire with a Battery,How to start a survival fire using a battery and gum wrapper.,camp fire sparks,An essential wilderness survival trick. 🔥 Save this for your next camping trip! 👇 Consider yourself... Skillificationed.,#bushcraft #camping #survivalhacks #outdoors #skillificationed
25,Wealth,top10,Top 10 Rarest Gemstones,Top 10 rarest gemstones on Earth—diamonds didn't make it.,glowing gemstone macro crystal,"Forget diamonds, these are much rarer! 💎 Which color is your favorite? 👇 Consider yourself... Skillificationed.",#gemstones #crystals #luxury #geology #skillificationed
26,Skill,howto,How to Fold a Fitted Sheet,The secret to perfectly folding a fitted sheet in seconds.,bed sheets folding laundry,The ultimate adulting hack. 🛏️ Have you mastered this yet? 👇 Consider yourself... Skillificationed.,#laundryhacks #homeorganization #adulting #skillificationed
27,Biz,top10,Top 10 Fast Food Chains by Revenue,Top 10 richest fast food empires in the world.,burger fries macro restaurant,Did your favorite fast food spot make the list? 🍔 Let us know! 👇 Consider yourself... Skillificationed.,#fastfood #business #money #foodie #skillificationed
28,Skill,howto,How to Negotiate a Better Price,The 3-second pause trick to negotiate a lower price.,handshake business deal,Use this psychology trick on your next big purchase! 💰 Have you tried this? 👇 Consider yourself... Skillificationed.,#negotiation #moneytips #finance #business #skillificationed
29,Nature,top10,Top 10 Oldest Living Trees,Top 10 oldest living things on Earth.,ancient giant tree forest,Imagine the history these trees have lived through. 🌲 Mind-blowing! 👇 Consider yourself... Skillificationed.,#nature #trees #ancienthistory #earth #skillificationed
30,Rescue,howto,How to Perform the Heimlich,How to perform the Heimlich maneuver on yourself.,choking rescue heimlich maneuver,A vital skill everyone needs to know. ❤️ Share this with your loved ones! 👇 Consider yourself... Skillificationed.,#firstaid #lifesaver #healthtips #safety #skillificationed
